fase,variante,cenario,i,status,ms
B,clean,S0,1,201,20
B,clean,S0,2,201,19
B,clean,S0,3,201,18
B,clean,S0,4,201,20
B,clean,S0,5,201,21
B,clean,S0,6,201,21
B,clean,S0,7,201,23
B,clean,S0,8,201,21
B,clean,S0,9,201,20
B,clean,S0,10,201,21
B,clean,S0,11,201,17
B,clean,S0,12,201,18
B,clean,S0,13,201,19
B,clean,S0,14,201,19
B,clean,S0,15,201,18
B,clean,S0,16,201,17
B,clean,S0,17,201,19
B,clean,S0,18,201,17
B,clean,S0,19,201,20
B,clean,S0,20,201,17
B,clean,S0,21,201,19
B,clean,S0,22,201,17
B,clean,S0,23,201,18
B,clean,S0,24,201,18
B,clean,S0,25,201,18
B,clean,S0,26,201,17
B,clean,S0,27,201,17
B,clean,S0,28,201,17
B,clean,S0,29,201,18
B,clean,S0,30,201,16
B,layered,S0,1,201,17
B,layered,S0,2,201,16
B,layered,S0,3,201,17
B,layered,S0,4,201,16
B,layered,S0,5,201,18
B,layered,S0,6,201,18
B,layered,S0,7,201,19
B,layered,S0,8,201,19
B,layered,S0,9,201,19
B,layered,S0,10,201,17
B,layered,S0,11,201,18
B,layered,S0,12,201,19
B,layered,S0,13,201,19
B,layered,S0,14,201,17
B,layered,S0,15,201,18
B,layered,S0,16,201,17
B,layered,S0,17,201,16
B,layered,S0,18,201,16
B,layered,S0,19,201,17
B,layered,S0,20,201,16
B,layered,S0,21,201,16
B,layered,S0,22,201,16
B,layered,S0,23,201,16
B,layered,S0,24,201,15
B,layered,S0,25,201,16
B,layered,S0,26,201,16
B,layered,S0,27,201,17
B,layered,S0,28,201,15
B,layered,S0,29,201,16
B,layered,S0,30,201,15
B,clean,S1,1,201,516
B,clean,S1,2,201,515
B,clean,S1,3,201,515
B,clean,S1,4,201,516
B,clean,S1,5,201,516
B,clean,S1,6,201,516
B,clean,S1,7,201,515
B,clean,S1,8,201,516
B,clean,S1,9,201,516
B,clean,S1,10,201,519
B,clean,S1,11,201,516
B,clean,S1,12,201,516
B,clean,S1,13,201,516
B,clean,S1,14,201,516
B,clean,S1,15,201,516
B,clean,S1,16,201,516
B,clean,S1,17,201,517
B,clean,S1,18,201,517
B,clean,S1,19,201,518
B,clean,S1,20,201,517
B,clean,S1,21,201,516
B,clean,S1,22,201,515
B,clean,S1,23,201,515
B,clean,S1,24,201,516
B,clean,S1,25,201,516
B,clean,S1,26,201,515
B,clean,S1,27,201,515
B,clean,S1,28,201,515
B,clean,S1,29,201,516
B,clean,S1,30,201,516
B,layered,S1,1,201,517
B,layered,S1,2,201,516
B,layered,S1,3,201,515
B,layered,S1,4,201,516
B,layered,S1,5,201,515
B,layered,S1,6,201,516
B,layered,S1,7,201,516
B,layered,S1,8,201,517
B,layered,S1,9,201,516
B,layered,S1,10,201,517
B,layered,S1,11,201,516
B,layered,S1,12,201,515
B,layered,S1,13,201,516
B,layered,S1,14,201,516
B,layered,S1,15,201,516
B,layered,S1,16,201,517
B,layered,S1,17,201,517
B,layered,S1,18,201,515
B,layered,S1,19,201,517
B,layered,S1,20,201,516
B,layered,S1,21,201,516
B,layered,S1,22,201,515
B,layered,S1,23,201,515
B,layered,S1,24,201,516
B,layered,S1,25,201,516
B,layered,S1,26,201,516
B,layered,S1,27,201,518
B,layered,S1,28,201,517
B,layered,S1,29,201,523
B,layered,S1,30,201,518
B,clean,S2,1,503,2018
B,clean,S2,2,503,2013
B,clean,S2,3,503,2009
B,clean,S2,4,503,2008
B,clean,S2,5,503,2008
B,clean,S2,6,503,2009
B,clean,S2,7,503,2009
B,clean,S2,8,503,2010
B,clean,S2,9,503,2009
B,clean,S2,10,503,2009
B,clean,S2,11,503,2009
B,clean,S2,12,503,2008
B,clean,S2,13,503,2009
B,clean,S2,14,503,2010
B,clean,S2,15,503,2010
B,clean,S2,16,503,2010
B,clean,S2,17,503,2011
B,clean,S2,18,503,2008
B,clean,S2,19,503,2010
B,clean,S2,20,503,2009
B,clean,S2,21,503,2011
B,clean,S2,22,503,2010
B,clean,S2,23,503,2011
B,clean,S2,24,503,2009
B,clean,S2,25,503,2010
B,clean,S2,26,503,2008
B,clean,S2,27,503,2010
B,clean,S2,28,503,2008
B,clean,S2,29,503,2009
B,clean,S2,30,503,2008
B,layered,S2,1,503,2023
B,layered,S2,2,503,2013
B,layered,S2,3,503,2010
B,layered,S2,4,503,2009
B,layered,S2,5,503,2010
B,layered,S2,6,503,2011
B,layered,S2,7,503,2009
B,layered,S2,8,503,2010
B,layered,S2,9,503,2011
B,layered,S2,10,503,2010
B,layered,S2,11,503,2011
B,layered,S2,12,503,2010
B,layered,S2,13,503,2009
B,layered,S2,14,503,2009
B,layered,S2,15,503,2010
B,layered,S2,16,503,2009
B,layered,S2,17,503,2009
B,layered,S2,18,503,2010
B,layered,S2,19,503,2010
B,layered,S2,20,503,2009
B,layered,S2,21,503,2010
B,layered,S2,22,503,2012
B,layered,S2,23,503,2012
B,layered,S2,24,503,2011
B,layered,S2,25,503,2010
B,layered,S2,26,503,2010
B,layered,S2,27,503,2009
B,layered,S2,28,503,2009
B,layered,S2,29,503,2010
B,layered,S2,30,503,2010
B,clean,S3,1,503,6
B,clean,S3,2,503,4
B,clean,S3,3,503,4
B,clean,S3,4,503,4
B,clean,S3,5,503,4
B,clean,S3,6,503,4
B,clean,S3,7,503,5
B,clean,S3,8,503,5
B,clean,S3,9,503,5
B,clean,S3,10,503,4
B,clean,S3,11,503,4
B,clean,S3,12,503,4
B,clean,S3,13,503,4
B,clean,S3,14,503,4
B,clean,S3,15,503,4
B,clean,S3,16,503,4
B,clean,S3,17,503,4
B,clean,S3,18,503,4
B,clean,S3,19,503,4
B,clean,S3,20,503,4
B,clean,S3,21,503,4
B,clean,S3,22,503,4
B,clean,S3,23,503,4
B,clean,S3,24,503,5
B,clean,S3,25,503,4
B,clean,S3,26,503,3
B,clean,S3,27,503,3
B,clean,S3,28,503,4
B,clean,S3,29,503,5
B,clean,S3,30,503,4
B,layered,S3,1,503,6
B,layered,S3,2,503,4
B,layered,S3,3,503,4
B,layered,S3,4,503,4
B,layered,S3,5,503,4
B,layered,S3,6,503,4
B,layered,S3,7,503,5
B,layered,S3,8,503,5
B,layered,S3,9,503,5
B,layered,S3,10,503,5
B,layered,S3,11,503,4
B,layered,S3,12,503,4
B,layered,S3,13,503,5
B,layered,S3,14,503,5
B,layered,S3,15,503,5
B,layered,S3,16,503,4
B,layered,S3,17,503,4
B,layered,S3,18,503,4
B,layered,S3,19,503,4
B,layered,S3,20,503,4
B,layered,S3,21,503,4
B,layered,S3,22,503,4
B,layered,S3,23,503,4
B,layered,S3,24,503,4
B,layered,S3,25,503,4
B,layered,S3,26,503,4
B,layered,S3,27,503,4
B,layered,S3,28,503,4
B,layered,S3,29,503,4
B,layered,S3,30,503,4
B,clean,S4,1,503,2011
B,clean,S4,2,503,2009
B,clean,S4,3,503,2008
B,clean,S4,4,503,2008
B,clean,S4,5,503,2013
B,clean,S4,6,503,2009
B,clean,S4,7,503,2009
B,clean,S4,8,503,2009
B,clean,S4,9,503,2009
B,clean,S4,10,503,2009
B,layered,S4,1,503,2013
B,layered,S4,2,503,2010
B,layered,S4,3,503,2009
B,layered,S4,4,503,2010
B,layered,S4,5,503,2013
B,layered,S4,6,503,2011
B,layered,S4,7,503,2011
B,layered,S4,8,503,2009
B,layered,S4,9,503,2010
B,layered,S4,10,503,2009
